{
    "runtime": "Default",
    "defaultVariables": null,
    "documentGenerator": {
      "fromDocument": {
        "url": "aquaRest.json",
        "output": null
      }
    },
    "codeGenerators": {
      "openApiToTypeScriptClient": {
        "className": "{controller}Client",
        "moduleName": "",
        "namespace": "",
        "typeScriptVersion": 2.7,
        "template": "Fetch",
        "promiseType": "Promise",
        "httpClass": "HttpClient",
        "withCredentials": false,
        "useSingletonProvider": false,
        "injectionTokenType": "OpaqueToken",
        "rxJsVersion": 6.0,
        "dateTimeType": "Date",
        "nullValue": "Undefined",
        "generateClientClasses": true,
        "generateClientInterfaces": false,
        "generateOptionalParameters": true,
        "exportTypes": true,
        "wrapDtoExceptions": false,
        "exceptionClass": "ApiException",
        "clientBaseClass": "AquaRestBaseClass",
        "wrapResponses": false,
        "wrapResponseMethods": [],
        "generateResponseClasses": true,
        "responseClass": "SwaggerResponse",
        "protectedMethods": [],
        "configurationClass": null,
        "useTransformOptionsMethod": true,
        "useTransformResultMethod": false,
        "generateDtoTypes": true,
        "operationGenerationMode": "MultipleClientsFromOperationId",
        "markOptionalProperties": false,
        "generateCloneMethod": false,
        "typeStyle": "Interface",
        "enumStyle": "Enum",
        "classTypes": [],
        "extendedClasses": [],
        "extensionCode": "src/AquaRestBaseClass.ts",
        "generateDefaultValues": true,
        "excludedTypeNames": [],
        "excludedParameterNames": [],
        "handleReferences": false,
        "generateConstructorInterface": true,
        "convertConstructorInterfaceData": false,
        "importRequiredTypes": true,
        "useGetBaseUrlMethod": false,
        "baseUrlTokenName": "API_BASE_URL",
        "queryNullValue": "",
        "inlineNamedDictionaries": false,
        "inlineNamedAny": false,
        "templateDirectory": null,
        "typeNameGeneratorType": null,
        "propertyNameGeneratorType": null,
        "enumNameGeneratorType": null,
        "serviceHost": null,
        "serviceSchemes": null,
        "output": "src/api/aqua.ts"
      }
    }
  }